province,year,avg_wait_time,procedures_with_wait_times,benchmark_pct,hospitals,other_institutions,physicians,other_professionals,drugs,public_health,administration,other_hcc,other_net,covid19,subtotal,capital,total_spending_per_capita,physicians_per_10k_population,population_2021,population_2016,population_growth_pct,population_density_per_km2,land_area_km2,population_65_plus,average_age,median_age,rural_percent_estimate,urban_percent_estimate,percent_65_plus,raw_efficiency,geographic_challenge,efficiency_gap,hospitals_efficiency,physicians_efficiency,drugs_efficiency,admin_efficiency,other_professionals_efficiency,public_health_efficiency,admin_overhead_pct,clinical_focus_pct
Alberta,2008,59.0,6,79.8,1770.92,297.9,779.9,687.17,712.95,516.32,200.22,,355.92,,5321.29,372.94,5694.23,21.0,4262635.0,4067175.0,4.8,6.7,634658.27,629220.0,39.0,38.4,60,40,14.8,96.51237288135593,0.48990301823942084,588.3476271186441,30.015593220338985,13.21864406779661,12.083898305084746,3.3935593220338984,11.646949152542373,8.751186440677968,3.516190951190943,44.79657477832825
Alberta,2009,57.1,7,76.7,1845.05,359.78,829.55,718.09,775.79,395.13,190.18,,429.86,,5543.42,324.81,5868.24,21.0,4262635.0,4067175.0,4.8,6.7,634658.27,629220.0,39.0,38.4,60,40,14.8,102.77127845884412,0.48990301823942084,582.0887215411559,32.31260945709282,14.528021015761821,13.586514886164622,3.330647985989492,12.57600700525394,6.9199649737302975,3.2408354123212413,45.5775496571374
Alberta,2010,60.0,7,76.9,2009.75,437.88,903.65,674.69,880.47,395.84,192.48,,520.43,,6015.2,354.96,6370.17,21.0,4262635.0,4067175.0,4.8,6.7,634658.27,629220.0,39.0,38.4,60,40,14.8,106.1695,0.48990301823942084,578.6905,33.49583333333333,15.060833333333333,14.6745,3.2079999999999997,11.244833333333334,6.597333333333333,3.02158341143172,45.735043177811576
Alberta,2011,56.9,7,79.6,1993.42,460.86,968.12,699.46,927.81,405.51,190.14,,534.51,,6179.84,330.87,6510.71,21.0,4262635.0,4067175.0,4.8,6.7,634658.27,629220.0,39.0,38.4,60,40,14.8,114.42372583479789,0.48990301823942084,570.4362741652021,35.033743409490334,17.014411247803164,16.30597539543058,3.3416520210896308,12.292794376098419,7.126713532513181,2.9204188176097534,45.48720492849474
Alberta,2012,55.6,7,80.5,2062.71,470.79,986.92,729.05,914.83,407.43,194.69,,588.61,,6355.04,315.21,6670.25,21.0,4262635.0,4067175.0,4.8,6.7,634658.27,629220.0,39.0,38.4,60,40,14.8,119.96852517985612,0.48990301823942084,564.8914748201439,37.09910071942446,17.750359712230214,16.453776978417267,3.501618705035971,13.112410071942445,7.327877697841727,2.918781155129118,45.7198755668828
Alberta,2013,47.6,12,79.5,2129.03,453.3,1033.81,780.15,900.84,411.26,191.11,,610.49,,6509.98,228.57,6738.55,21.0,4262635.0,4067175.0,4.8,6.7,634658.27,629220.0,39.0,38.4,60,40,14.8,141.56617647058823,0.48990301823942084,543.2938235294118,44.727521008403365,21.718697478991594,18.925210084033612,4.014915966386555,16.38970588235294,8.639915966386555,2.836070074422539,46.93650711206417
Alberta,2014,41.2,12,82.2,2133.57,650.14,1068.79,772.04,900.24,431.76,182.2,,621.06,,6759.8,215.02,6974.82,21.0,4262635.0,4067175.0,4.8,6.7,634658.27,629220.0,39.0,38.4,60,40,14.8,169.29174757281552,0.48990301823942084,515.5682524271845,51.78567961165049,25.94150485436893,21.8504854368932,4.422330097087378,18.738834951456308,10.479611650485436,2.6122537929294234,45.913156181808276
Alberta,2015,46.2,12,81.5,2134.91,685.08,1142.36,841.31,935.74,440.18,162.3,,624.27,,6966.15,272.28,7238.44,21.0,4262635.0,4067175.0,4.8,6.7,634658.27,629220.0,39.0,38.4,60,40,14.8,156.67619047619047,0.48990301823942084,528.1838095238095,46.210173160173156,24.726406926406924,20.254112554112552,3.512987012987013,18.21017316017316,9.527705627705627,2.242195832251148,45.275915805062965
Alberta,2016,48.2,12,82.2,2157.59,690.47,1190.55,881.97,1003.26,463.77,176.35,,650.34,,7214.3,247.83,7462.13,21.0,4262635.0,4067175.0,4.8,6.7,634658.27,629220.0,39.0,38.4,60,40,14.8,154.81597510373444,0.48990301823942084,530.0440248962656,44.763278008298755,24.700207468879665,20.814522821576762,3.658713692946058,18.298132780082987,9.621784232365144,2.3632662523971035,44.86842228693416
Alberta,2017,54.8,12,79.3,2165.5,774.9,1223.45,882.07,1018.73,471.85,180.44,,691.61,,7408.57,262.92,7671.48,21.0,4262635.0,4067175.0,4.8,6.7,634658.27,629220.0,39.0,38.4,60,40,14.8,139.9905109489051,0.48990301823942084,544.8694890510949,39.51642335766424,22.325729927007302,18.589963503649635,3.2927007299270072,16.09616788321168,8.610401459854016,2.3520885148628428,44.1759608315475
Alberta,2018,52.8,12,78.2,2151.93,799.73,1249.64,923.68,1037.43,507.52,249.25,,676.18,,7595.37,285.71,7881.08,21.0,4262635.0,4067175.0,4.8,6.7,634658.27,629220.0,39.0,38.4,60,40,14.8,149.2628787878788,0.48990301823942084,535.5971212121212,40.75625,23.667424242424246,19.64829545454546,4.7206439393939394,17.493939393939392,9.612121212121213,3.1626376080435676,43.16121648302009
Alberta,2019,55.3,12,74.3,2113.53,815.93,1282.42,971.34,1043.15,516.4,257.79,,678.14,,7678.7,282.03,7960.73,21.0,4262635.0,4067175.0,4.8,6.7,634658.27,629220.0,39.0,38.4,60,40,14.8,143.95533453887884,0.48990301823942084,540.9046654611211,38.21934900542496,23.190235081374325,18.86347197106691,4.661663652802894,17.56491862567812,9.338155515370705,3.2382708620943057,42.658776268005575
Alberta,2020,65.2,12,67.2,2084.35,868.13,1196.46,833.34,1061.38,518.11,243.15,,668.8,651.95,8125.67,323.67,8449.34,21.0,4262635.0,4067175.0,4.8,6.7,634658.27,629220.0,39.0,38.4,60,40,14.8,129.59110429447853,0.48990301823942084,555.2688957055215,31.968558282208587,18.350613496932514,16.278834355828224,3.729294478527607,12.781288343558282,7.946472392638037,2.877739563090135,38.82918665836622
Alberta,2021,52.6,12,75.0,2132.65,905.78,1253.18,972.01,1106.22,549.5,267.27,,664.17,702.8,8553.58,291.72,8845.3,21.0,4262635.0,4067175.0,4.8,6.7,634658.27,629220.0,39.0,38.4,60,40,14.8,168.1615969581749,0.48990301823942084,516.6984030418251,40.54467680608365,23.82471482889734,21.03079847908745,5.081178707224334,18.479277566539924,10.4467680608365,3.021604694018292,38.278294687574196
Alberta,2022,70.9,12,66.3,2195.59,953.78,1354.15,1053.16,1178.2,720.4,291.87,,735.19,162.79,8645.12,304.22,8949.34,21.0,4262635.0,4067175.0,4.8,6.7,634658.27,629220.0,39.0,38.4,60,40,14.8,126.22482369534555,0.48990301823942084,558.6351763046545,30.967418899858956,19.099435825105783,16.61777150916784,4.116643159379407,14.854160789844851,10.160789844851903,3.2613578208001934,39.664824445154615
Alberta,2023,56.2,12,71.5,2320.22,998.11,1390.66,1089.11,1215.58,706.18,294.87,,790.55,,8805.28,335.81,9141.09,21.0,4262635.0,4067175.0,4.8,6.7,634658.27,629220.0,39.0,38.4,60,40,14.8,162.65284697508895,0.48990301823942084,522.2071530249111,41.28505338078291,24.744839857651247,21.62953736654804,5.246797153024911,19.379181494661918,12.565480427046262,3.225764104718365,40.595596367610426
Alberta,2024,52.8,12,77.2,2262.03,1022.56,1444.68,1134.44,1228.62,860.13,305.12,,783.58,,9041.17,328.72,9369.89,21.0,4262635.0,4067175.0,4.8,6.7,634658.27,629220.0,39.0,38.4,60,40,14.8,177.4600378787879,0.48990301823942084,507.3999621212121,42.84147727272728,27.361363636363638,23.269318181818182,5.778787878787879,21.485606060606063,16.29034090909091,3.2563882820395977,39.55980272980793
British Columbia,2008,55.6,5,82.6,1384.82,378.43,757.79,669.93,659.27,333.66,171.77,,449.02,,4804.68,292.87,5097.55,22.5,5000879.0,4648055.0,7.6,5.4,920686.55,1016365.0,43.1,42.8,60,40,20.3,91.68255395683454,0.5387066113253911,593.1774460431654,24.9068345323741,13.629316546762588,11.857374100719424,3.089388489208633,12.049100719424459,6.001079136690648,3.3696579729477887,42.03215270080724
British Columbia,2009,53.8,4,83.2,1438.01,391.71,783.15,657.71,679.74,353.49,167.05,,459.98,,4930.84,275.81,5206.65,22.5,5000879.0,4648055.0,7.6,5.4,920686.55,1016365.0,43.1,42.8,60,40,20.3,96.7778810408922,0.5387066113253911,588.0821189591078,26.728810408921934,14.556691449814126,12.63457249070632,3.105018587360595,12.225092936802975,6.570446096654275,3.2083969538954995,42.660059731305154
British Columbia,2010,52.2,5,86.5,1559.6,377.06,813.4,614.13,785.41,363.0,164.04,,475.59,,5152.23,291.15,5443.38,22.5,5000879.0,4648055.0,7.6,5.4,920686.55,1016365.0,43.1,42.8,60,40,20.3,104.27931034482758,0.5387066113253911,580.5806896551725,29.87739463601532,15.582375478927203,15.046168582375477,3.1425287356321836,11.76494252873563,6.954022988505747,3.0135687752830043,43.59423740396592
British Columbia,2011,56.6,5,83.8,1574.82,486.44,851.4,613.84,767.37,362.99,177.08,,447.99,,5281.94,278.39,5560.33,22.5,5000879.0,4648055.0,7.6,5.4,920686.55,1016365.0,43.1,42.8,60,40,20.3,98.23904593639575,0.5387066113253911,586.6209540636042,27.823674911660774,15.042402826855122,13.557773851590106,3.1286219081272084,10.845229681978799,6.413250883392226,3.1847030661849214,43.63446054460796
British Columbia,2012,54.8,5,82.8,1564.66,599.48,848.93,671.19,767.22,355.63,179.73,,532.22,,5519.06,288.81,5807.87,22.5,5000879.0,4648055.0,7.6,5.4,920686.55,1016365.0,43.1,42.8,60,40,20.3,105.9830291970803,0.5387066113253911,578.8769708029197,28.5521897810219,15.491423357664234,14.000364963503651,3.279744525547445,12.24799270072993,6.489598540145986,3.094594059440036,41.55723182509251
British Columbia,2013,37.1,10,82.2,1572.37,641.63,865.57,630.33,746.09,358.46,188.55,,542.74,,5545.75,195.18,5740.92,22.5,5000879.0,4648055.0,7.6,5.4,920686.55,1016365.0,43.1,42.8,60,40,20.3,154.74177897574123,0.5387066113253911,530.1182210242588,42.38194070080862,23.330727762803235,20.11024258760108,5.0822102425876015,16.9900269541779,9.66199460916442,3.2843167993980056,42.46601589989061
British Columbia,2014,46.7,10,75.6,1614.66,667.77,868.08,688.81,720.75,361.86,196.52,,613.42,,5731.87,223.36,5955.23,22.5,5000879.0,4648055.0,7.6,5.4,920686.55,1016365.0,43.1,42.8,60,40,20.3,127.52098501070662,0.5387066113253911,557.3390149892934,34.57516059957173,18.588436830835118,15.433618843683083,4.20813704496788,14.749678800856529,7.748608137044967,3.2999565088166207,41.690077461323924
British Columbia,2015,53.3,10,71.2,1657.26,682.79,898.52,717.62,768.09,366.57,178.97,,599.47,,5869.29,242.13,6111.42,22.5,5000879.0,4648055.0,7.6,5.4,920686.55,1016365.0,43.1,42.8,60,40,20.3,114.66078799249532,0.5387066113253911,570.1992120075047,31.093058161350847,16.857786116322703,14.410694183864917,3.3577861163227016,13.463789868667918,6.8774859287054415,2.9284519800635533,41.819740747649476
British Columbia,2016,53.9,10,70.2,1671.54,693.84,922.69,744.41,782.44,372.53,197.41,,623.81,,6008.67,244.35,6253.02,22.5,5000879.0,4648055.0,7.6,5.4,920686.55,1016365.0,43.1,42.8,60,40,20.3,116.01150278293136,0.5387066113253911,568.8484972170686,31.01187384044527,17.118552875695734,14.516512059369203,3.66252319109462,13.810946196660483,6.911502782931354,3.157034520919491,41.48763317564953
British Columbia,2017,55.1,10,69.6,1681.46,770.25,938.63,781.87,808.95,385.91,210.11,,647.4,,6224.57,220.53,6445.11,22.5,5000879.0,4648055.0,7.6,5.4,920686.55,1016365.0,43.1,42.8,60,40,20.3,116.97114337568057,0.5387066113253911,567.8888566243195,30.51651542649728,17.03502722323049,14.681488203266788,3.8132486388384756,14.190018148820327,7.003811252268603,3.2599909078355536,40.65237055690283
British Columbia,2018,46.1,12,73.6,1756.63,842.67,962.1,849.19,846.62,398.16,275.79,,657.04,,6588.21,225.47,6813.68,22.9,5000879.0,4648055.0,7.6,5.4,920686.55,1016365.0,43.1,42.8,60,40,20.3,147.80216919739698,0.5387066113253911,537.057830802603,38.10477223427332,20.86984815618221,18.364859002169197,5.982429501084599,18.42060737527115,8.636876355748374,4.047592490401663,39.901052001268035
British Columbia,2019,40.9,12,76.4,1821.69,904.79,1000.54,909.84,882.53,421.57,280.28,,731.49,,6952.74,213.92,7166.66,23.4,5000879.0,4648055.0,7.6,5.4,920686.55,1016365.0,43.1,42.8,60,40,20.3,175.2239608801956,0.5387066113253911,509.6360391198044,44.540097799511,24.463080684596576,21.577750611246945,6.852811735941319,22.24547677261614,10.307334963325184,3.9108873589649846,39.37999012092104
British Columbia,2020,54.2,12,66.2,1823.89,989.02,997.46,801.36,872.26,446.86,272.18,,708.59,705.9,7617.53,237.24,7854.77,23.8,5000879.0,4648055.0,7.6,5.4,920686.55,1016365.0,43.1,42.8,60,40,20.3,144.9219557195572,0.5387066113253911,539.9380442804428,33.65110701107011,18.403321033210332,16.093357933579334,5.021771217712177,14.785239852398524,8.244649446494465,3.465155567890594,35.91893842849632
British Columbia,2021,39.1,12,76.4,1863.8,1061.5,1083.33,978.08,867.88,480.62,311.23,,787.92,756.22,8190.57,358.92,8549.49,24.2,5000879.0,4648055.0,7.6,5.4,920686.55,1016365.0,43.1,42.8,60,40,20.3,218.65703324808183,0.5387066113253911,466.2029667519182,47.667519181585675,27.706649616368285,22.196419437340154,7.959846547314578,25.014833759590793,12.292071611253197,3.6403341018002244,34.47141291468848
British Columbia,2022,48.1,12,72.2,2013.36,1105.63,1109.84,1067.4,943.04,581.85,341.77,,941.11,171.82,8275.83,443.64,8719.47,24.2,5000879.0,4648055.0,7.6,5.4,920686.55,1016365.0,43.1,42.8,60,40,20.3,181.27796257796257,0.5387066113253911,503.58203742203744,41.85779625779625,23.073596673596672,19.605821205821204,7.1054054054054046,22.191268191268193,12.096673596673597,3.9196189676666124,35.818690814923386
British Columbia,2023,48.0,12,69.8,2072.18,1130.26,1248.41,1126.81,961.78,599.03,356.58,,994.7,,8489.74,592.58,9082.32,24.2,5000879.0,4648055.0,7.6,5.4,920686.55,1016365.0,43.1,42.8,60,40,20.3,189.215,0.5387066113253911,495.645,43.17041666666666,26.00854166666667,20.03708333333333,7.42875,23.47520833333333,12.479791666666666,3.9260893692360543,36.56103286384977
British Columbia,2024,49.9,12,71.8,2284.49,1197.94,1341.23,1169.23,992.68,643.43,368.88,,1063.42,,9061.31,611.82,9673.13,24.2,5000879.0,4648055.0,7.6,5.4,920686.55,1016365.0,43.1,42.8,60,40,20.3,193.8503006012024,0.5387066113253911,491.0096993987976,45.7813627254509,26.878356713426854,19.893386773547093,7.3923847695390785,23.431462925851704,12.89438877755511,3.81345024826504,37.482386776565605
Manitoba,2008,82.0,5,77.6,1746.21,719.48,701.02,528.27,748.52,384.1,186.43,,493.86,,5507.9,144.71,5652.61,14.8,1342153.0,1278365.0,5.0,2.5,540310.19,229050.0,39.7,38.4,60,40,17.1,68.93426829268293,0.798235600147928,615.925731707317,21.295243902439026,8.549024390243902,9.12829268292683,2.2735365853658536,6.442317073170732,4.684146341463415,3.298122460244029,43.29380587020864
Manitoba,2009,77.0,5,79.5,1865.85,729.5,738.41,526.94,812.11,427.21,196.59,,531.56,,5828.17,212.29,6040.46,14.8,1342153.0,1278365.0,5.0,2.5,540310.19,229050.0,39.7,38.4,60,40,17.1,78.44753246753247,0.798235600147928,606.4124675324675,24.23181818181818,9.589740259740259,10.546883116883118,2.5531168831168833,6.843376623376624,5.548181818181818,3.254553461160243,43.11360393082646
Manitoba,2010,83.0,5,77.5,1951.65,754.0,791.91,514.1,871.2,433.63,199.37,,544.7,,6060.56,236.4,6296.96,14.8,1342153.0,1278365.0,5.0,2.5,540310.19,229050.0,39.7,38.4,60,40,17.1,75.86698795180723,0.798235600147928,608.9930120481928,23.51385542168675,9.541084337349398,10.496385542168674,2.4020481927710846,6.193975903614458,5.224457831325301,3.166130958430735,43.56959548734628
Manitoba,2011,70.0,7,77.3,2000.71,742.12,806.89,543.16,858.81,444.9,208.57,,562.05,,6167.21,245.57,6412.78,14.8,1342153.0,1278365.0,5.0,2.5,540310.19,229050.0,39.7,38.4,60,40,17.1,91.61114285714285,0.798235600147928,593.2488571428571,28.58157142857143,11.527,12.268714285714285,2.9795714285714285,7.759428571428571,6.355714285714285,3.252411590605011,43.781324168301424
Manitoba,2012,74.6,7,69.8,2021.13,766.02,837.29,554.9,844.74,451.88,214.62,,623.4,,6313.99,348.62,6662.61,14.8,1342153.0,1278365.0,5.0,2.5,540310.19,229050.0,39.7,38.4,60,40,17.1,89.31112600536193,0.798235600147928,595.5488739946381,27.092895442359254,11.22372654155496,11.323592493297587,2.876943699731904,7.438337801608579,6.057372654155496,3.2212601367932385,42.902406114120446
Manitoba,2013,57.1,9,75.4,2033.76,784.03,906.2,535.44,824.41,463.51,214.58,,653.26,,6415.18,336.56,6751.74,14.8,1342153.0,1278365.0,5.0,2.5,540310.19,229050.0,39.7,38.4,60,40,17.1,118.24413309982486,0.798235600147928,566.6158669001752,35.61751313485114,15.870402802101577,14.43800350262697,3.7579684763572683,9.377232924693521,8.117513134851137,3.1781437081404205,43.54373835485371
Manitoba,2014,50.3,9,79.2,2014.1,923.34,950.7,568.21,805.38,479.35,218.55,,675.83,,6635.47,206.14,6841.6,14.8,1342153.0,1278365.0,5.0,2.5,540310.19,229050.0,39.7,38.4,60,40,17.1,136.01590457256464,0.798235600147928,548.8440954274354,40.04174950298211,18.900596421471175,16.011530815109346,4.34493041749503,11.296421471172964,9.529821073558649,3.1944282039289056,43.33489242282507
Manitoba,2015,62.4,9,73.2,2153.2,941.1,988.47,585.66,796.44,507.49,212.63,,707.58,,6892.57,196.63,7089.2,14.8,1342153.0,1278365.0,5.0,2.5,540310.19,229050.0,39.7,38.4,60,40,17.1,113.60897435897436,0.798235600147928,571.2510256410256,34.506410256410255,15.840865384615386,12.76346153846154,3.4075320512820513,9.385576923076922,8.132852564102565,2.9993511256559273,44.316283924843425
Manitoba,2016,71.3,9,69.8,2212.59,954.31,1033.92,614.3,827.29,513.77,227.52,,739.41,,7123.1,114.51,7237.62,14.8,1342153.0,1278365.0,5.0,2.5,540310.19,229050.0,39.7,38.4,60,40,17.1,101.509396914446,0.798235600147928,583.350603085554,31.032117812061713,14.500981767180928,11.602945301542777,3.1910238429172515,8.61570827489481,7.205750350631136,3.1435748215573627,44.85604383761513
Manitoba,2017,76.4,9,64.2,2150.32,989.56,1011.63,634.0,829.76,517.68,247.42,,790.69,,7171.06,116.72,7287.78,14.8,1342153.0,1278365.0,5.0,2.5,540310.19,229050.0,39.7,38.4,60,40,17.1,95.38979057591622,0.798235600147928,589.4702094240838,28.145549738219895,13.241230366492145,10.860732984293193,3.23848167539267,8.298429319371728,6.775916230366491,3.3949982024704366,43.387012231434
Manitoba,2018,80.2,9,61.4,2047.8,992.91,1042.87,642.1,868.62,544.55,295.19,,772.73,,7206.78,111.26,7318.04,15.0,1342153.0,1278365.0,5.0,2.5,540310.19,229050.0,39.7,38.4,60,40,17.1,91.24738154613466,0.798235600147928,593.6126184538654,25.53366583541147,13.003366583541146,10.830673316708229,3.680673316708229,8.006234413965087,6.789900249376558,4.033730343097332,42.23357620346432
Manitoba,2019,76.1,9,65.4,2019.33,1011.58,1083.82,652.07,876.49,571.59,304.95,,817.78,,7337.61,143.6,7481.21,15.1,1342153.0,1278365.0,5.0,2.5,540310.19,229050.0,39.7,38.4,60,40,17.1,98.30762155059134,0.798235600147928,586.5523784494087,26.53521681997372,14.242049934296977,11.51760840998686,4.007227332457293,8.568593955321946,7.511038107752958,4.076212270474963,41.47925268773366
Manitoba,2020,90.6,9,59.2,1964.24,1050.21,1038.12,570.28,881.52,654.98,291.93,,801.86,751.24,8004.37,154.21,8158.58,15.2,1342153.0,1278365.0,5.0,2.5,540310.19,229050.0,39.7,38.4,60,40,17.1,90.0505518763797,0.798235600147928,594.8094481236203,21.680353200883005,11.458278145695363,9.729801324503311,3.2221854304635764,6.29448123620309,7.229359823399559,3.5781962057122687,36.80003137800941
Manitoba,2021,78.2,9,64.2,2065.44,1071.78,1055.88,716.57,928.52,709.33,310.31,,847.09,775.1,8480.02,191.56,8671.58,15.4,1342153.0,1278365.0,5.0,2.5,540310.19,229050.0,39.7,38.4,60,40,17.1,110.88976982097186,0.798235600147928,573.9702301790281,26.41227621483376,13.502301790281331,11.873657289002557,3.968158567774936,9.163299232736573,9.070716112531969,3.5784712820500997,35.99482447258747
Manitoba,2022,97.1,9,60.0,2349.25,1117.97,1106.14,682.7,968.8,779.26,341.75,,933.15,174.6,8453.6,318.02,8771.62,15.4,1342153.0,1278365.0,5.0,2.5,540310.19,229050.0,39.7,38.4,60,40,17.1,90.33594232749743,0.798235600147928,594.5240576725025,24.194129763130796,11.391761071060763,9.977342945417096,3.51956745623069,7.030895983522143,8.025334706488158,3.896087609814378,39.39283735501538
Manitoba,2023,75.2,9,70.8,2255.63,1199.02,1105.39,719.47,1033.99,794.62,374.65,,1017.59,,8500.35,299.19,8799.54,15.4,1342153.0,1278365.0,5.0,2.5,540310.19,229050.0,39.7,38.4,60,40,17.1,117.01515957446809,0.798235600147928,567.844840425532,29.995079787234044,14.69933510638298,13.749867021276595,4.982047872340425,9.567420212765958,10.566755319148935,4.257608920466296,38.1954056689327
Manitoba,2024,82.8,9,66.2,2357.38,1242.76,1277.89,757.74,1072.36,809.64,387.66,,1078.67,,8984.11,288.78,9272.89,15.4,1342153.0,1278365.0,5.0,2.5,540310.19,229050.0,39.7,38.4,60,40,17.1,111.99142512077294,0.798235600147928,572.868574879227,28.470772946859906,15.433454106280195,12.951207729468598,4.681884057971015,9.15144927536232,9.778260869565218,4.1805736938538045,39.203204179063924
New Brunswick,2008,91.8,4,76.8,1872.11,568.02,660.77,456.81,898.17,179.43,178.02,,352.97,,5166.3,177.22,5343.52,23.6,775610.0,747101.0,3.8,10.9,71248.5,177160.0,44.7,46.8,30,70,22.8,58.2082788671024,0.40378941830765125,626.6517211328976,20.393355119825706,7.197930283224401,9.783986928104575,1.93921568627451,4.976143790849673,1.954575163398693,3.331511812438243,47.40096415845734
New Brunswick,2009,70.5,4,82.5,1980.27,614.22,727.24,503.93,975.97,202.42,193.36,,355.49,,5552.9,184.78,5737.69,23.6,775610.0,747101.0,3.8,10.9,71248.5,177160.0,44.7,46.8,30,70,22.8,81.38567375886524,0.40378941830765125,603.4743262411348,28.088936170212765,10.315460992907802,13.84354609929078,2.742695035460993,7.1479432624113475,2.871205673758865,3.3699973334216384,47.18815411777214
New Brunswick,2010,63.5,4,83.3,2062.59,663.79,739.73,457.67,1078.65,195.63,196.79,,367.26,,5762.12,209.05,5971.17,23.6,775610.0,747101.0,3.8,10.9,71248.5,177160.0,44.7,46.8,30,70,22.8,94.03417322834646,0.40378941830765125,590.8258267716535,32.48173228346457,11.649291338582678,16.986614173228347,3.099055118110236,7.20740157480315,3.080787401574803,3.2956690229887946,46.93083600031485
New Brunswick,2011,83.5,4,81.2,2083.67,677.21,779.98,481.51,1095.34,218.86,210.81,,379.2,,5926.59,247.58,6174.17,23.6,775610.0,747101.0,3.8,10.9,71248.5,177160.0,44.7,46.8,30,70,22.8,73.94215568862276,0.40378941830765125,610.9178443113773,24.954131736526946,9.341077844311377,13.117844311377244,2.5246706586826346,5.7665868263473055,2.6210778443113774,3.4143860632279317,46.381133010590894
New Brunswick,2012,60.0,5,78.4,2108.8,689.99,808.03,497.02,1102.67,223.43,220.25,,482.31,,6132.51,172.49,6305.0,23.6,775610.0,747101.0,3.8,10.9,71248.5,177160.0,44.7,46.8,30,70,22.8,105.08333333333333,0.40378941830765125,579.7766666666666,35.14666666666667,13.467166666666666,18.377833333333335,3.6708333333333334,8.283666666666667,3.7238333333333333,3.493259318001586,46.26217287866773
New Brunswick,2013,36.0,10,79.6,2124.59,700.3,796.75,498.52,1032.94,227.92,200.2,,526.58,,6107.79,130.26,6238.05,23.6,775610.0,747101.0,3.8,10.9,71248.5,177160.0,44.7,46.8,30,70,22.8,173.27916666666667,0.40378941830765125,511.5808333333333,59.01638888888889,22.131944444444443,28.692777777777778,5.561111111111111,13.847777777777777,6.3311111111111105,3.209336250911743,46.8309808353572
New Brunswick,2014,48.6,10,75.8,2107.13,767.15,800.22,518.62,1049.14,230.65,192.89,,535.72,,6201.52,155.92,6357.44,23.6,775610.0,747101.0,3.8,10.9,71248.5,177160.0,44.7,46.8,30,70,22.8,130.81152263374486,0.40378941830765125,554.0484773662552,43.35658436213992,16.465432098765433,21.587242798353913,3.9689300411522628,10.67119341563786,4.745884773662551,3.034082901293602,45.731457945336494
New Brunswick,2015,49.7,10,76.4,2144.73,795.68,829.6,530.69,1106.33,230.44,188.27,,570.07,,6395.81,161.86,6557.67,23.6,775610.0,747101.0,3.8,10.9,71248.5,177160.0,44.7,46.8,30,70,22.8,131.9450704225352,0.40378941830765125,552.9149295774648,43.15352112676056,16.69215291750503,22.260160965794764,3.788128772635815,10.677867203219316,4.636619718309859,2.870989238555768,45.3565061980856
New Brunswick,2016,56.4,10,72.0,2093.64,836.74,851.28,548.61,1083.01,237.49,206.27,,566.51,,6423.54,201.76,6625.31,23.6,775610.0,747101.0,3.8,10.9,71248.5,177160.0,44.7,46.8,30,70,22.8,117.47003546099292,0.40378941830765125,567.3899645390071,37.12127659574468,15.093617021276595,19.202304964539007,3.6572695035460994,9.72712765957447,4.210815602836879,3.1133637520357538,44.449542738377524
New Brunswick,2017,58.2,10,72.4,2106.45,880.53,874.49,582.68,1122.35,254.62,216.55,,590.22,,6627.9,248.07,6875.97,23.6,775610.0,747101.0,3.8,10.9,71248.5,177160.0,44.7,46.8,30,70,22.8,118.14381443298969,0.40378941830765125,566.7161855670104,36.19329896907216,15.025601374570446,19.28436426116838,3.720790378006873,10.011683848797249,4.374914089347079,3.1493738338009036,43.353010557055946
New Brunswick,2018,58.9,10,70.0,2156.38,918.76,891.01,614.11,1068.21,269.0,210.33,,585.81,,6713.6,241.78,6955.38,24.1,775610.0,747101.0,3.8,10.9,71248.5,177160.0,44.7,46.8,30,70,22.8,118.08794567062819,0.40378941830765125,566.7720543293718,36.61086587436333,15.127504244482173,18.135993208828523,3.570967741935484,10.426315789473685,4.567062818336163,3.0239900623689864,43.81342212790675
New Brunswick,2019,61.3,10,68.0,2200.73,965.67,905.96,639.52,1096.88,279.83,218.23,,614.82,,6921.64,209.73,7131.37,24.6,775610.0,747101.0,3.8,10.9,71248.5,177160.0,44.7,46.8,30,70,22.8,116.33556280587275,0.40378941830765125,568.5244371941272,35.90097879282219,14.779119086460033,17.893637846655793,3.560032626427406,10.432626427406198,4.564926590538336,3.0601413192696496,43.5637191731743
New Brunswick,2020,81.7,10,58.6,2140.85,995.5,907.86,557.86,1152.72,289.68,219.54,,638.52,614.43,7516.95,189.8,7706.75,25.2,775610.0,747101.0,3.8,10.9,71248.5,177160.0,44.7,46.8,30,70,22.8,94.32986536107711,0.40378941830765125,590.5301346389228,26.203794369645042,11.112117503059975,14.109179926560588,2.6871481028151774,6.828151774785802,3.5456548347613217,2.8486716190352612,39.558958056249395
New Brunswick,2021,58.3,10,69.0,2268.43,1015.81,923.06,675.42,1165.72,318.93,243.82,,649.44,714.38,7975.01,176.3,8151.31,25.7,775610.0,747101.0,3.8,10.9,71248.5,177160.0,44.7,46.8,30,70,22.8,139.81663807890223,0.40378941830765125,545.0433619210978,38.90960548885077,15.832933104631218,19.995197255574617,4.1821612349914234,11.5852487135506,5.4704974271012015,2.991175651521044,39.153093183794994
New Brunswick,2022,72.7,10,61.6,2543.2,1088.95,961.36,721.94,1279.15,436.98,265.23,,743.83,169.1,8209.75,200.54,8410.28,25.7,775610.0,747101.0,3.8,10.9,71248.5,177160.0,44.7,46.8,30,70,22.8,115.68473177441541,0.40378941830765125,569.1752682255847,34.98211829436038,13.223658872077028,17.594910591471802,3.6482806052269603,9.930398899587345,6.010729023383769,3.1536405446667652,41.669956291586004
New Brunswick,2023,69.2,10,64.6,2659.1,1157.11,1026.48,755.44,1315.41,486.32,277.34,,767.39,,8444.6,235.77,8680.37,25.7,775610.0,747101.0,3.8,10.9,71248.5,177160.0,44.7,46.8,30,70,22.8,125.43887283236995,0.40378941830765125,559.4211271676301,38.42630057803468,14.833526011560693,19.008815028901733,4.007803468208092,10.916763005780346,7.027745664739884,3.19502509685647,42.45878919907791
New Brunswick,2024,62.2,10,66.6,2658.08,1244.99,1040.05,795.66,1360.06,452.54,293.32,,819.99,,8664.68,257.58,8922.27,25.7,775610.0,747101.0,3.8,10.9,71248.5,177160.0,44.7,46.8,30,70,22.8,143.44485530546623,0.40378941830765125,541.4151446945338,42.73440514469453,16.721061093247588,21.865916398713825,4.715755627009646,12.791961414790995,7.27556270096463,3.287504188956398,41.44830855824807
Newfoundland and Labrador,2009,8.5,2,93.0,2152.3,849.97,654.36,354.15,872.97,210.76,191.51,,288.88,,5574.89,246.42,5821.31,19.0,510550.0,519716.0,-1.8,1.4,358170.37,120610.0,45.5,48.4,60,40,23.6,684.86,1.1422452422715805,0.0,253.2117647058824,76.9835294117647,102.70235294117647,22.53058823529412,41.66470588235294,24.795294117647057,3.289809338447875,48.213546435424334
Newfoundland and Labrador,2010,56.8,5,82.3,2282.27,864.18,783.6,362.48,963.78,205.32,197.0,,404.23,,6062.86,297.49,6360.35,19.0,510550.0,519716.0,-1.8,1.4,358170.37,120610.0,45.5,48.4,60,40,23.6,111.9779929577465,1.1422452422715805,572.8820070422535,40.180809859154934,13.795774647887326,16.967957746478874,3.46830985915493,6.3816901408450715,3.6147887323943664,3.097313827069265,48.202850472065215
Newfoundland and Labrador,2011,64.8,5,84.1,2381.86,871.85,831.3,403.69,970.91,220.26,204.81,,443.16,,6327.84,355.47,6683.31,19.0,510550.0,519716.0,-1.8,1.4,358170.37,120610.0,45.5,48.4,60,40,23.6,103.13750000000002,1.1422452422715805,581.7225,36.757098765432104,12.828703703703704,14.98317901234568,3.1606481481481485,6.229783950617284,3.399074074074074,3.0644994770555307,48.077374833727596
Newfoundland and Labrador,2012,52.0,5,85.5,2399.45,877.34,848.91,453.1,971.05,227.63,199.81,,757.23,,6734.52,443.59,7178.11,19.0,510550.0,519716.0,-1.8,1.4,358170.37,120610.0,45.5,48.4,60,40,23.6,138.0405769230769,1.1422452422715805,546.8194230769232,46.14326923076923,16.32519230769231,18.674038461538462,3.8425000000000002,8.713461538461539,4.3774999999999995,2.783601811618936,45.25369491412084
Newfoundland and Labrador,2013,32.7,9,90.7,2400.7,875.91,879.31,458.03,959.55,234.77,192.61,,862.86,,6863.75,379.49,7243.23,19.0,510550.0,519716.0,-1.8,1.4,358170.37,120610.0,45.5,48.4,60,40,23.6,221.50550458715594,1.1422452422715805,463.3544954128441,73.41590214067277,26.890214067278283,29.344036697247702,5.890214067278287,14.007033639143728,7.179510703363914,2.6591727723681293,45.283802944266576
Newfoundland and Labrador,2014,36.9,9,90.2,2444.18,920.88,891.04,458.75,957.24,244.84,180.63,,885.78,,6983.34,317.69,7301.03,19.0,510550.0,519716.0,-1.8,1.4,358170.37,120610.0,45.5,48.4,60,40,23.6,197.859891598916,1.1422452422715805,487.00010840108405,66.2379403794038,24.147425474254742,25.941463414634146,4.8951219512195125,12.432249322493226,6.635230352303523,2.4740344855451903,45.68149973359923
Newfoundland and Labrador,2015,37.0,9,92.2,2510.75,974.31,896.68,468.3,980.8,260.16,174.99,,963.56,,7229.56,266.88,7496.43,19.0,510550.0,519716.0,-1.8,1.4,358170.37,120610.0,45.5,48.4,60,40,23.6,202.6062162162162,1.1422452422715805,482.2537837837838,67.85810810810811,24.234594594594594,26.508108108108107,4.72945945945946,12.656756756756756,7.031351351351352,2.334311132098879,45.45403612119369
Newfoundland and Labrador,2016,43.3,9,87.3,2566.23,1005.56,891.62,477.71,1009.33,269.75,189.06,,1026.78,,7436.04,239.25,7675.29,19.0,510550.0,519716.0,-1.8,1.4,358170.37,120610.0,45.5,48.4,60,40,23.6,177.25842956120093,1.1422452422715805,507.60157043879906,59.26628175519631,20.591685912240187,23.310161662817553,4.366281755196305,11.03256351039261,6.229792147806005,2.463229402406945,45.05171791554456
Newfoundland and Labrador,2017,41.1,10,86.0,2548.18,1028.96,952.01,475.16,1064.55,276.64,200.07,,1075.47,,7621.04,181.89,7802.92,19.0,510550.0,519716.0,-1.8,1.4,358170.37,120610.0,45.5,48.4,60,40,23.6,189.85206812652066,1.1422452422715805,495.0079318734794,61.99951338199513,23.163260340632604,25.901459854014597,4.867883211678832,11.561070559610705,6.7309002433090015,2.564040128567254,44.85743798475442
Newfoundland and Labrador,2018,44.8,10,88.2,2611.43,1082.55,971.04,486.41,1088.7,289.57,211.11,,1113.69,,7854.49,196.83,8051.32,19.0,510550.0,519716.0,-1.8,1.4,358170.37,120610.0,45.5,48.4,60,40,23.6,179.71696428571428,1.1422452422715805,505.1430357142857,58.29084821428572,21.675,24.30133928571429,4.712276785714287,10.857366071428572,6.4636160714285715,2.62205452025258,44.49543677310056
Newfoundland and Labrador,2019,48.1,10,82.3,2611.17,1084.9,944.56,525.97,1127.84,300.2,215.72,,1169.15,,7979.5,526.97,8506.48,19.0,510550.0,519716.0,-1.8,1.4,358170.37,120610.0,45.5,48.4,60,40,23.6,176.84989604989605,1.1422452422715805,508.01010395010394,54.286278586278584,19.637422037422034,23.447817047817047,4.4848232848232845,10.934927234927235,6.241164241164241,2.535949064713019,41.800251102688776
Newfoundland and Labrador,2020,89.5,10,63.2,2425.43,1045.46,896.58,444.49,1163.09,240.53,213.39,,1261.13,544.12,8234.23,632.11,8866.34,19.0,510550.0,519716.0,-1.8,1.4,358170.37,120610.0,45.5,48.4,60,40,23.6,99.06525139664805,1.1422452422715805,585.794748603352,27.09977653631285,10.017653631284917,12.995418994413408,2.384245810055866,4.966368715083799,2.687486033519553,2.4067428048101016,37.4676585829102
Newfoundland and Labrador,2021,65.4,10,71.8,2696.13,1138.83,930.54,554.9,1155.45,209.19,234.04,,1297.3,559.25,8775.64,745.73,9521.38,19.0,510550.0,519716.0,-1.8,1.4,358170.37,120610.0,45.5,48.4,60,40,23.6,145.58685015290519,1.1422452422715805,539.2731498470948,41.22522935779816,14.228440366972475,17.66743119266055,3.5785932721712532,8.484709480122323,3.198623853211009,2.4580470478018945,38.08975169565756
Newfoundland and Labrador,2022,73.2,10,66.3,2889.89,1201.72,1019.8,604.23,1271.2,335.15,250.85,,1400.71,126.59,9100.13,805.94,9906.07,19.0,510550.0,519716.0,-1.8,1.4,358170.37,120610.0,45.5,48.4,60,40,23.6,135.328825136612,1.1422452422715805,549.5311748633881,39.47937158469945,13.931693989071038,17.366120218579233,3.426912568306011,8.25450819672131,4.578551912568305,2.5322857601450424,39.467619348540836
Newfoundland and Labrador,2023,77.8,10,61.5,2984.81,1243.55,1037.55,646.04,1322.03,394.16,259.72,,1470.44,,9358.3,1036.77,10395.08,19.0,510550.0,519716.0,-1.8,1.4,358170.37,120610.0,45.5,48.4,60,40,23.6,133.61285347043702,1.1422452422715805,551.247146529563,38.36516709511568,13.33611825192802,16.9926735218509,3.3383033419023143,8.303856041131105,5.066323907455013,2.498489670113169,38.69484409932391
Newfoundland and Labrador,2024,83.8,8,66.3,3463.79,1428.6,1038.53,685.55,1366.24,449.08,272.1,,1683.69,,10387.58,642.24,11029.82,19.0,510550.0,519716.0,-1.8,1.4,358170.37,120610.0,45.5,48.4,60,40,23.6,131.62076372315036,1.1422452422715805,553.2392362768496,41.33400954653938,12.392959427207638,16.303579952267302,3.2470167064439144,8.180787589498806,5.358949880668257,2.466948690005821,40.81952380002575
Nova Scotia,2008,123.5,4,66.5,1854.62,615.03,668.06,481.97,878.97,186.69,200.52,,288.56,,5174.42,169.78,5344.2,22.5,969383.0,923598.0,5.0,18.4,52824.71,215325.0,44.2,45.6,30,70,22.2,43.27287449392713,0.33723706981414153,641.5871255060729,15.017165991902834,5.4093927125506065,7.1171659919028345,1.6236437246963564,3.902591093117409,1.51165991902834,3.752105085887505,47.204071703903296
Nova Scotia,2009,84.3,7,68.5,1960.17,671.08,690.04,506.99,931.07,202.62,212.66,,295.15,,5469.78,215.51,5685.29,22.5,969383.0,923598.0,5.0,18.4,52824.71,215325.0,44.2,45.6,30,70,22.2,67.441162514828,0.33723706981414153,617.418837485172,23.25231316725979,8.18552787663108,11.044721233689206,2.5226571767497035,6.0141162514827995,2.40355871886121,3.7405303863127473,46.61521224071243
Nova Scotia,2010,76.1,7,71.5,2031.29,753.06,751.84,537.07,1053.64,212.17,217.6,,412.74,,5969.42,290.93,6260.36,22.5,969383.0,923598.0,5.0,18.4,52824.71,215325.0,44.2,45.6,30,70,22.2,82.26491458607096,0.33723706981414153,602.595085413929,26.692378449408675,9.879632063074903,13.845466491458609,2.859395532194481,7.0574244415243115,2.788042049934297,3.4758384501849733,44.456389089445345
Nova Scotia,2011,90.7,7,67.5,2027.78,785.49,786.47,585.32,1077.4,181.57,225.46,,500.18,,6169.67,333.92,6503.59,22.5,969383.0,923598.0,5.0,18.4,52824.71,215325.0,44.2,45.6,30,70,22.2,71.70441014332965,0.33723706981414153,613.1555898566703,22.357001102535833,8.671113561190738,11.8787210584344,2.4857772877618523,6.453362734288865,2.0018743109151047,3.466700699152314,43.27225424726958
Nova Scotia,2012,99.0,7,60.6,2043.9,801.75,828.86,612.72,1052.98,179.62,262.27,,549.62,,6331.71,308.43,6640.14,22.5,969383.0,923598.0,5.0,18.4,52824.71,215325.0,44.2,45.6,30,70,22.2,67.07212121212122,0.33723706981414153,617.7878787878788,20.645454545454545,8.372323232323232,10.636161616161615,2.649191919191919,6.189090909090909,1.8143434343434344,3.9497661193890483,43.26354564813393
Nova Scotia,2013,65.5,12,64.0,2121.74,830.05,831.77,572.77,1073.53,168.0,229.25,,624.25,,6451.35,200.72,6652.07,22.5,969383.0,923598.0,5.0,18.4,52824.71,215325.0,44.2,45.6,30,70,22.2,101.55832061068702,0.33723706981414153,583.301679389313,32.39297709923664,12.698778625954198,16.38977099236641,3.5,8.744580152671755,2.564885496183206,3.4462956643571103,44.399863501135734
Nova Scotia,2014,64.2,12,63.4,2202.21,1230.26,865.26,584.48,1043.85,168.93,234.93,,647.32,,6977.24,134.68,7111.91,22.5,969383.0,923598.0,5.0,18.4,52824.71,215325.0,44.2,45.6,30,70,22.2,110.77741433021806,0.33723706981414153,574.0825856697819,34.30233644859813,13.477570093457944,16.25934579439252,3.6593457943925234,9.10404984423676,2.6313084112149534,3.3033320162937945,43.131451326015096
Nova Scotia,2015,66.8,12,66.2,2244.3,1221.97,874.87,583.26,1061.38,149.51,240.16,,683.33,,7058.79,97.95,7156.73,22.5,969383.0,923598.0,5.0,18.4,52824.71,215325.0,44.2,45.6,30,70,22.2,107.13667664670659,0.33723706981414153,577.7233233532934,33.59730538922156,13.096856287425151,15.888922155688626,3.5952095808383233,8.731437125748503,2.2381736526946105,3.3557225157299495,43.583731676338225
Nova Scotia,2016,63.5,12,67.4,2240.74,1203.41,889.74,611.91,1057.44,144.6,245.23,,680.43,,7073.5,93.19,7166.68,22.5,969383.0,923598.0,5.0,18.4,52824.71,215325.0,44.2,45.6,30,70,22.2,112.86110236220473,0.33723706981414153,571.9988976377953,35.28724409448819,14.011653543307087,16.65259842519685,3.8618897637795273,9.636377952755906,2.2771653543307084,3.4218075873347207,43.68103501202788
Nova Scotia,2017,66.8,12,66.0,2271.61,1219.75,892.33,622.31,1075.52,148.91,265.03,,699.1,,7194.58,102.52,7297.1,22.5,969383.0,923598.0,5.0,18.4,52824.71,215325.0,44.2,45.6,30,70,22.2,109.23802395209582,0.33723706981414153,575.6219760479042,34.006137724550904,13.358233532934133,16.10059880239521,3.96751497005988,9.316017964071856,2.229191616766467,3.6319907908621225,43.358868591632294
Nova Scotia,2018,58.7,12,70.2,2302.96,1231.4,912.77,673.14,1087.27,160.56,276.44,,690.94,,7335.49,132.21,7467.7,22.9,969383.0,923598.0,5.0,18.4,52824.71,215325.0,44.2,45.6,30,70,22.2,127.21805792163542,0.33723706981414153,557.6419420783645,39.23270868824532,15.549744463373083,18.522487223168653,4.709369676320272,11.467461669505962,2.7352640545144804,3.7018091246300733,43.061853047122945
Nova Scotia,2019,59.8,12,69.8,2369.26,1228.0,953.6,679.88,1164.63,163.67,278.64,,737.5,,7575.19,177.23,7752.42,23.2,969383.0,923598.0,5.0,18.4,52824.71,215325.0,44.2,45.6,30,70,22.2,129.63913043478263,0.33723706981414153,555.2208695652174,39.61973244147158,15.946488294314383,19.47541806020067,4.659531772575251,11.36923076923077,2.7369565217391303,3.5942325106224895,42.86222882661156
Nova Scotia,2020,72.0,12,59.0,2439.66,1274.81,985.68,583.19,1185.45,169.22,266.08,,730.62,516.41,8151.12,206.43,8357.56,23.6,969383.0,923598.0,5.0,18.4,52824.71,215325.0,44.2,45.6,30,70,22.2,116.07722222222222,0.33723706981414153,568.7827777777778,33.884166666666665,13.69,16.464583333333334,3.6955555555555555,8.099861111111112,2.350277777777778,3.1837043347579916,40.98492861552893
Nova Scotia,2021,58.3,12,69.2,2468.2,1354.52,1019.93,746.28,1200.62,300.53,296.73,,800.72,578.95,8766.48,199.29,8965.77,24.0,969383.0,923598.0,5.0,18.4,52824.71,215325.0,44.2,45.6,30,70,22.2,153.7867924528302,0.33723706981414153,531.0732075471698,42.336192109777016,17.49451114922813,20.593825042881647,5.089708404802745,12.800686106346484,5.154888507718696,3.309587464322641,38.90496856377087
Nova Scotia,2022,75.7,12,61.4,2737.51,1594.16,1051.3,761.15,1270.03,372.84,318.78,,900.71,135.13,9141.61,279.37,9420.98,24.0,969383.0,923598.0,5.0,18.4,52824.71,215325.0,44.2,45.6,30,70,22.2,124.45151915455746,0.33723706981414153,560.4084808454426,36.162615587846766,13.887714663143989,16.777146631439894,4.211096433289299,10.054821664464992,4.9252311756935265,3.3837244108362396,40.21672904517365
Nova Scotia,2023,69.8,12,65.4,3176.61,1604.6,1100.25,795.11,1293.69,336.66,334.54,,985.33,,9626.79,385.2,10012.0,24.0,969383.0,923598.0,5.0,18.4,52824.71,215325.0,44.2,45.6,30,70,22.2,143.4383954154728,0.33723706981414153,541.4216045845272,45.51017191977078,15.762893982808023,18.534240687679084,4.792836676217766,11.391260744985674,4.823209169054442,3.3413903316020774,42.717339192968446
Nova Scotia,2024,63.0,12,76.0,3450.01,1641.27,1177.7,837.38,1342.54,279.03,348.78,,1006.33,,10083.03,421.66,10504.7,24.0,969383.0,923598.0,5.0,18.4,52824.71,215325.0,44.2,45.6,30,70,22.2,166.74126984126985,0.33723706981414153,518.1187301587302,54.7620634920635,18.693650793650793,21.31015873015873,5.536190476190476,13.291746031746031,4.429047619047618,3.320228088379487,44.053709292031186
Ontario,2008,35.3,7,90.6,1492.31,502.12,797.12,586.66,899.22,282.0,158.55,,320.33,,5038.31,225.66,5263.97,22.4,14223942.0,13448494.0,5.8,15.9,892411.76,2637710.0,41.8,41.6,30,70,18.5,149.12096317280455,0.3536926332628487,535.7390368271955,42.275070821529745,22.58130311614731,25.473654390934847,4.491501416430595,16.619263456090653,7.9886685552407934,3.0119852506758207,43.49245911355877
Ontario,2009,33.6,7,88.1,1558.87,527.94,845.44,604.43,934.24,304.83,153.05,,319.52,,5248.33,259.41,5507.73,22.4,14223942.0,13448494.0,5.8,15.9,892411.76,2637710.0,41.8,41.6,30,70,18.5,163.9205357142857,0.3536926332628487,520.9394642857143,46.39494047619047,25.16190476190476,27.804761904761904,4.555059523809524,17.988988095238092,9.072321428571428,2.7788217650465805,43.65337443919728
Ontario,2010,34.4,7,87.4,1604.46,548.19,888.05,558.85,982.45,311.99,158.86,,320.45,,5373.32,306.57,5679.88,22.4,14223942.0,13448494.0,5.8,15.9,892411.76,2637710.0,41.8,41.6,30,70,18.5,165.11279069767443,0.3536926332628487,519.7472093023256,46.64127906976744,25.815406976744185,28.559593023255818,4.618023255813954,16.245639534883722,9.069476744186048,2.7968900751424326,43.883145418565185
Ontario,2011,35.3,7,86.9,1645.24,563.22,932.74,553.23,1000.65,328.13,166.53,,323.96,,5513.7,278.97,5792.67,22.4,14223942.0,13448494.0,5.8,15.9,892411.76,2637710.0,41.8,41.6,30,70,18.5,164.09830028328614,0.3536926332628487,520.7616997167139,46.60736543909349,26.423229461756375,28.34702549575071,4.717563739376771,15.672237960339945,9.295467422096317,2.87484009964317,44.504175104053914
Ontario,2012,34.0,7,85.5,1667.54,550.44,951.37,576.61,990.12,334.58,151.41,,477.17,,5699.23,266.35,5965.58,22.4,14223942.0,13448494.0,5.8,15.9,892411.76,2637710.0,41.8,41.6,30,70,18.5,175.45823529411766,0.3536926332628487,509.40176470588233,49.04529411764706,27.981470588235293,29.121176470588235,4.453235294117647,16.959117647058825,9.840588235294117,2.538060004224233,43.90034162646381
Ontario,2013,29.5,12,85.3,1711.03,563.44,952.04,571.63,986.09,309.04,163.73,,530.36,,5787.34,247.63,6034.97,22.4,14223942.0,13448494.0,5.8,15.9,892411.76,2637710.0,41.8,41.6,30,70,18.5,204.57525423728814,0.3536926332628487,480.28474576271185,58.00101694915254,32.272542372881354,33.42677966101695,5.550169491525423,19.37728813559322,10.475932203389831,2.7130209429375785,44.12731132052023
Ontario,2014,29.7,12,85.8,1728.3,564.72,973.84,598.35,1006.75,310.73,158.82,,556.1,,5897.61,233.27,6130.88,22.4,14223942.0,13448494.0,5.8,15.9,892411.76,2637710.0,41.8,41.6,30,70,18.5,206.42693602693603,0.3536926332628487,478.433063973064,58.19191919191919,32.789225589225595,33.8973063973064,5.347474747474747,20.146464646464647,10.462289562289563,2.5904927188266607,44.07426013883814
Ontario,2015,32.2,12,85.2,1744.22,583.67,981.51,638.56,1051.62,319.89,146.18,,560.26,,6025.91,259.56,6285.47,22.4,14223942.0,13448494.0,5.8,15.9,892411.76,2637710.0,41.8,41.6,30,70,18.5,195.20093167701862,0.3536926332628487,489.6590683229814,54.16832298136646,30.481677018633537,32.65900621118012,4.539751552795031,19.831055900621113,9.93447204968944,2.3256812935229982,43.3655717074459
Ontario,2016,33.2,12,83.2,1768.85,593.72,994.35,667.48,1078.0,329.64,167.63,,623.88,,6223.54,248.05,6471.59,22.4,14223942.0,13448494.0,5.8,15.9,892411.76,2637710.0,41.8,41.6,30,70,18.5,194.9274096385542,0.3536926332628487,489.9325903614458,53.27861445783132,29.950301204819276,32.46987951807229,5.049096385542168,20.104819277108433,9.928915662650601,2.5902444376111586,42.697389667763254
Ontario,2017,33.8,12,82.2,1800.65,637.43,1017.16,718.24,1112.12,343.2,182.8,,606.98,,6418.57,226.57,6645.14,22.4,14223942.0,13448494.0,5.8,15.9,892411.76,2637710.0,41.8,41.6,30,70,18.5,196.60177514792903,0.3536926332628487,488.25822485207095,53.27366863905326,30.093491124260357,32.902958579881656,5.40828402366864,21.249704142011836,10.153846153846155,2.750882599915126,42.4040727509127
Ontario,2018,33.0,12,83.0,1847.5,662.4,1037.27,706.59,1086.07,358.11,194.93,,610.88,,6503.75,204.52,6708.27,22.6,14223942.0,13448494.0,5.8,15.9,892411.76,2637710.0,41.8,41.6,30,70,18.5,203.2809090909091,0.3536926332628487,481.57909090909095,55.984848484848484,31.432424242424243,32.91121212121212,5.906969696969697,21.411818181818184,10.851818181818182,2.9058162536689784,43.00318860153213
Ontario,2019,33.2,12,83.2,1881.56,696.31,1076.01,714.15,1114.49,396.5,197.25,,602.59,,6678.86,212.03,6890.89,22.8,14223942.0,13448494.0,5.8,15.9,892411.76,2637710.0,41.8,41.6,30,70,18.5,207.55692771084335,0.3536926332628487,477.30307228915666,56.67349397590361,32.40993975903614,33.56897590361446,5.941265060240963,21.510542168674696,11.942771084337348,2.8624749488092247,42.920000174142956
Ontario,2020,50.8,12,69.8,1909.81,718.84,1047.5,606.47,1108.31,413.78,172.47,,625.58,809.13,7411.89,270.98,7682.87,22.9,14223942.0,13448494.0,5.8,15.9,892411.76,2637710.0,41.8,41.6,30,70,18.5,151.23759842519686,0.3536926332628487,533.6224015748031,37.59468503937008,20.62007874015748,21.81712598425197,3.3950787401574805,11.938385826771654,8.145275590551181,2.244864223916323,38.49225614906929
Ontario,2021,39.2,12,77.5,1944.89,775.41,1096.27,821.54,1157.88,452.44,184.03,,690.67,950.28,8073.41,251.37,8324.78,23.1,14223942.0,13448494.0,5.8,15.9,892411.76,2637710.0,41.8,41.6,30,70,18.5,212.3668367346939,0.3536926332628487,472.4931632653061,49.61454081632653,27.966071428571425,29.537755102040816,4.694642857142857,20.957653061224487,11.541836734693877,2.21062898959492,36.53141584522353
Ontario,2022,42.2,12,74.8,2130.58,893.09,1169.08,810.3,1216.5,573.86,203.18,,741.58,224.85,7963.02,261.2,8224.22,23.1,14223942.0,13448494.0,5.8,15.9,892411.76,2637710.0,41.8,41.6,30,70,18.5,194.8867298578199,0.3536926332628487,489.9732701421801,50.48767772511848,27.703317535545022,28.827014218009477,4.814691943127962,19.201421800947866,13.598578199052133,2.4705078414731125,40.121251620214444
Ontario,2023,38.6,12,79.2,2181.42,973.72,1185.07,853.08,1237.23,549.63,210.97,,775.14,,7966.27,249.39,8215.66,23.1,14223942.0,13448494.0,5.8,15.9,892411.76,2637710.0,41.8,41.6,30,70,18.5,212.84093264248705,0.3536926332628487,472.019067357513,56.513471502590676,30.701295336787563,32.05259067357513,5.4655440414507765,22.100518134715028,14.239119170984456,2.567900813811672,40.976500974967315
Ontario,2024,36.6,12,81.0,2281.38,1034.64,1164.12,886.45,1242.85,515.24,216.8,,803.74,,8145.21,259.67,8404.89,23.1,14223942.0,13448494.0,5.8,15.9,892411.76,2637710.0,41.8,41.6,30,70,18.5,229.6418032786885,0.3536926332628487,455.21819672131153,62.3327868852459,31.806557377049177,33.95765027322404,5.923497267759563,24.219945355191257,14.0775956284153,2.5794507721100457,40.993992782772885
Prince Edward Island,2008,67.3,6,76.5,1525.33,658.64,629.22,408.59,798.62,221.21,226.77,,228.27,,4696.63,149.04,4845.67,19.0,154331.0,142907.0,8.0,27.2,5681.18,32705.0,43.1,44.0,30,70,21.2,72.00104011887073,0.2994619885728041,612.8589598811293,22.664635958395245,9.349479940564636,11.866567607726598,3.369539375928678,6.071173848439821,3.2869242199108473,4.6798481943673425,44.46340753703822
Prince Edward Island,2009,72.7,6,82.0,1632.73,752.86,691.44,427.05,868.66,259.8,287.24,,246.19,,5165.96,266.74,5432.7,19.0,154331.0,142907.0,8.0,27.2,5681.18,32705.0,43.1,44.0,30,70,21.2,74.72764786795048,0.2994619885728041,610.1323521320495,22.458459422283354,9.510866574965613,11.948555708390646,3.951031636863824,5.87414030261348,3.5735900962861074,5.287242071161669,42.781121725845345
Prince Edward Island,2010,59.3,6,82.8,1791.6,805.31,743.88,406.68,942.81,257.95,304.21,,290.63,,5543.09,287.2,5830.29,19.0,154331.0,142907.0,8.0,27.2,5681.18,32705.0,43.1,44.0,30,70,21.2,98.3185497470489,0.2994619885728041,586.5414502529511,30.21247892074199,12.54435075885329,15.898988195615514,5.130016863406408,6.858010118043845,4.34991568296796,5.217750746532333,43.488059770611756
Prince Edward Island,2011,70.3,6,73.8,1957.12,895.3,772.42,443.26,964.63,271.87,175.03,,356.14,,5835.77,470.85,6306.62,19.0,154331.0,142907.0,8.0,27.2,5681.18,32705.0,43.1,44.0,30,70,21.2,89.71009957325747,0.2994619885728041,595.1499004267425,27.83954480796586,10.987482219061166,13.721621621621622,2.4897581792318637,6.305263157894737,3.867283072546231,2.775337661060917,43.28055281592993
Prince Edward Island,2012,89.3,6,64.4,2036.89,895.96,787.81,465.07,922.83,283.68,156.37,,404.89,,5953.49,357.15,6310.64,19.0,154331.0,142907.0,8.0,27.2,5681.18,32705.0,43.1,44.0,30,70,21.2,70.66786114221725,0.2994619885728041,614.1921388577828,22.809518477043675,8.822060470324748,10.334042553191491,1.751063829787234,5.207950727883539,3.176707726763718,2.4778786303766336,44.76091173003054
Prince Edward Island,2013,57.9,10,73.5,2107.61,921.13,827.84,478.9,895.43,281.96,174.55,,450.33,,6137.74,218.82,6356.55,19.0,154331.0,142907.0,8.0,27.2,5681.18,32705.0,43.1,44.0,30,70,21.2,109.78497409326425,0.2994619885728041,575.0750259067357,36.40086355785838,14.297754749568222,15.465112262521588,3.014680483592401,8.271157167530225,4.869775474956822,2.745986423452974,46.17992464465787
Prince Edward Island,2014,51.1,10,71.2,2119.53,1052.74,868.92,470.24,852.97,276.52,153.52,,442.15,,6236.58,147.36,6383.93,19.0,154331.0,142907.0,8.0,27.2,5681.18,32705.0,43.1,44.0,30,70,21.2,124.93013698630138,0.2994619885728041,559.9298630136987,41.47808219178083,17.004305283757336,16.692172211350293,3.0043052837573385,9.202348336594913,5.411350293542074,2.4047882730543724,46.81207344065489
Prince Edward Island,2015,48.4,9,83.2,2171.3,1106.86,900.35,497.29,834.46,299.9,140.55,,473.11,,6423.82,73.68,6497.5,19.0,154331.0,142907.0,8.0,27.2,5681.18,32705.0,43.1,44.0,30,70,21.2,134.24586776859505,0.2994619885728041,550.6141322314049,44.86157024793389,18.602272727272727,17.240909090909092,2.903925619834711,10.274586776859504,6.196280991735537,2.1631396691035016,47.27433628318584
Prince Edward Island,2016,56.1,9,79.7,2214.76,1124.51,920.79,520.83,843.32,313.26,168.15,,482.06,,6587.68,66.45,6654.13,19.0,154331.0,142907.0,8.0,27.2,5681.18,32705.0,43.1,44.0,30,70,21.2,118.61194295900178,0.2994619885728041,566.2480570409982,39.478787878787884,16.41336898395722,15.032442067736186,2.9973262032085564,9.283957219251338,5.583957219251337,2.527002027312361,47.12186266273728
Prince Edward Island,2017,74.8,9,70.0,2215.26,1152.34,962.54,586.68,985.41,323.7,194.36,,509.82,,6930.11,159.2,7089.31,19.0,154331.0,142907.0,8.0,27.2,5681.18,32705.0,43.1,44.0,30,70,21.2,94.77687165775401,0.2994619885728041,590.083128342246,29.615775401069524,12.868181818181819,13.173930481283422,2.598395721925134,7.84331550802139,4.327540106951871,2.7415926232595274,44.82523687072508
Prince Edward Island,2018,75.1,9,65.5,2233.34,1174.65,981.78,625.93,1029.67,346.39,203.46,,513.61,,7108.82,246.35,7355.17,19.5,154331.0,142907.0,8.0,27.2,5681.18,32705.0,43.1,44.0,30,70,21.2,97.93834886817578,0.2994619885728041,586.9216511318242,29.738215712383493,13.072969374167776,13.710652463382159,2.7091877496671106,8.33462050599201,4.612383488681758,2.7662175041501422,43.71238190279762
Prince Edward Island,2019,78.0,9,68.2,2277.7,1254.29,993.21,604.18,985.85,391.72,206.91,,590.94,,7304.79,217.35,7522.14,20.0,154331.0,142907.0,8.0,27.2,5681.18,32705.0,43.1,44.0,30,70,21.2,96.43769230769232,0.2994619885728041,588.4223076923076,29.20128205128205,12.733461538461539,12.639102564102565,2.6526923076923077,7.745897435897435,5.022051282051282,2.7506799926616625,43.48376924651761
Prince Edward Island,2020,89.7,9,66.0,2272.19,1238.37,987.8,518.03,1009.81,460.16,202.48,,615.7,458.22,7762.76,113.4,7876.16,20.5,154331.0,142907.0,8.0,27.2,5681.18,32705.0,43.1,44.0,30,70,21.2,87.80557413600891,0.2994619885728041,597.0544258639911,25.330992196209586,11.01226309921962,11.257636566332218,2.2573021181716832,5.775139353400222,5.129988851727982,2.5707959208548328,41.39060151139641
Prince Edward Island,2021,73.4,9,70.2,2315.84,1229.34,1033.4,665.38,1003.16,555.58,228.0,,683.46,482.73,8196.9,127.73,8324.63,21.0,154331.0,142907.0,8.0,27.2,5681.18,32705.0,43.1,44.0,30,70,21.2,113.41457765667573,0.2994619885728041,571.4454223433243,31.550953678474112,14.079019073569482,13.667029972752042,3.1062670299727517,9.065122615803814,7.569209809264305,2.7388604658705558,40.23289923996623
Prince Edward Island,2022,70.4,9,67.7,2394.12,1300.02,1026.96,686.94,1126.23,694.83,242.13,,768.64,109.19,8349.06,188.11,8537.17,21.0,154331.0,142907.0,8.0,27.2,5681.18,32705.0,43.1,44.0,30,70,21.2,121.26661931818181,0.2994619885728041,563.5933806818182,34.00738636363636,14.587499999999999,15.997585227272726,3.4393465909090906,9.757670454545455,9.869744318181818,2.8361857617922563,40.072764159551696
Prince Edward Island,2023,100.8,9,53.0,2618.28,1365.91,1069.2,718.05,1150.43,726.2,242.96,,862.4,,8753.42,297.52,9050.94,21.0,154331.0,142907.0,8.0,27.2,5681.18,32705.0,43.1,44.0,30,70,21.2,89.79107142857144,0.2994619885728041,595.0689285714286,25.975,10.607142857142858,11.412996031746033,2.4103174603174606,7.123511904761904,7.20436507936508,2.6843620662605208,40.74140365531094
Prince Edward Island,2024,112.1,9,60.0,2691.12,1380.64,1173.66,741.02,1218.63,847.26,246.08,,884.77,,9183.19,279.76,9462.95,21.0,154331.0,142907.0,8.0,27.2,5681.18,32705.0,43.1,44.0,30,70,21.2,84.41525423728815,0.2994619885728041,600.4447457627118,24.0064228367529,10.469759143621767,10.870918822479931,2.1951828724353257,6.610347903657449,7.55807314897413,2.6004575740123324,40.84117532059241
Quebec,2008,65.3,3,86.0,1296.1,673.14,544.62,449.07,915.58,137.95,157.34,,241.43,,4415.22,205.76,4620.99,25.1,8501833.0,8164361.0,4.1,6.5,1298599.75,1753530.0,42.8,43.2,60,40,20.6,70.76554364471669,0.496301802024632,614.0944563552833,19.848392036753445,8.340275650842267,14.02113323124043,2.4094946401225115,6.877029096477795,2.1125574272588055,3.4048980846095755,39.8338884091937
Quebec,2009,62.7,3,87.3,1357.98,702.93,609.91,447.04,952.04,159.12,157.05,,258.27,,4644.34,231.33,4875.67,25.1,8501833.0,8164361.0,4.1,6.5,1298599.75,1753530.0,42.8,43.2,60,40,20.6,77.76188197767145,0.496301802024632,607.0981180223285,21.658373205741626,9.7274322169059,15.184051036682614,2.5047846889952154,7.129824561403509,2.537799043062201,3.221095767350949,40.361427249998464
Quebec,2010,68.0,3,89.0,1407.75,724.87,641.34,478.6,1036.14,152.57,159.1,,272.48,,4872.84,247.7,5120.54,25.1,8501833.0,8164361.0,4.1,6.5,1298599.75,1753530.0,42.8,43.2,60,40,20.6,75.3020588235294,0.496301802024632,609.5579411764706,20.702205882352942,9.431470588235294,15.237352941176471,2.3397058823529413,7.038235294117648,2.2436764705882353,3.1070941736613715,40.01706851230535
Quebec,2011,73.0,3,86.8,1421.39,742.5,682.64,473.96,1016.51,155.04,161.12,,291.69,,4944.85,293.4,5238.25,25.1,8501833.0,8164361.0,4.1,6.5,1298599.75,1753530.0,42.8,43.2,60,40,20.6,71.7568493150685,0.496301802024632,613.1031506849315,19.47109589041096,9.351232876712329,13.924794520547945,2.207123287671233,6.492602739726027,2.123835616438356,3.0758363957428534,40.16665871235623
Quebec,2012,73.7,3,85.2,1425.61,764.23,722.36,480.75,1066.6,159.99,163.22,,286.94,,5069.69,325.14,5394.83,25.1,8501833.0,8164361.0,4.1,6.5,1298599.75,1753530.0,42.8,43.2,60,40,20.6,73.19986431478968,0.496301802024632,611.6601356852103,19.34341926729986,9.80135685210312,14.472184531886022,2.2146540027137043,6.523066485753053,2.170827679782904,3.0254892183813022,39.8153417253185
Quebec,2013,42.4,8,86.2,1438.83,793.08,792.56,517.06,1080.59,160.09,159.37,,290.27,,5231.84,334.47,5566.31,25.1,8501833.0,8164361.0,4.1,6.5,1298599.75,1753530.0,42.8,43.2,60,40,20.6,131.2808962264151,0.496301802024632,553.5791037735848,33.93466981132075,18.692452830188678,25.485613207547168,3.75872641509434,12.194811320754717,3.7757075471698114,2.863117576994454,40.08741877473586
Quebec,2014,41.8,8,88.0,1461.89,716.7,840.48,519.55,1061.72,162.49,155.7,,306.41,,5224.95,311.19,5536.14,25.1,8501833.0,8164361.0,4.1,6.5,1298599.75,1753530.0,42.8,43.2,60,40,20.6,132.44354066985647,0.496301802024632,552.4164593301435,34.97344497607656,20.107177033492825,25.400000000000002,3.72488038277512,12.429425837320574,3.88732057416268,2.812428876437373,41.58800174851069
Quebec,2015,42.0,8,87.8,1501.29,825.5,902.09,585.01,1108.66,145.19,134.01,,416.68,,5618.43,269.22,5887.65,25.1,8501833.0,8164361.0,4.1,6.5,1298599.75,1753530.0,42.8,43.2,60,40,20.6,140.18214285714285,0.496301802024632,544.6778571428572,35.745,21.478333333333335,26.39666666666667,3.1907142857142854,13.928809523809523,3.4569047619047617,2.2761203536215637,40.82070095878662
Quebec,2016,44.9,8,87.2,1459.32,861.33,966.47,673.04,1140.36,138.9,153.62,,480.89,,5873.92,220.18,6094.1,25.1,8501833.0,8164361.0,4.1,6.5,1298599.75,1753530.0,42.8,43.2,60,40,20.6,135.7260579064588,0.496301802024632,549.1339420935412,32.501559020044546,21.524944320712695,25.397772828507794,3.4213808463251674,14.989755011135857,3.093541202672606,2.520798805401946,39.80554962996997
Quebec,2017,44.5,8,86.2,1551.65,977.07,984.91,699.27,1139.75,139.79,159.95,,499.6,,6151.98,198.04,6350.02,25.1,8501833.0,8164361.0,4.1,6.5,1298599.75,1753530.0,42.8,43.2,60,40,20.6,142.69707865168542,0.496301802024632,542.1629213483146,34.8685393258427,22.132808988764044,25.6123595505618,3.59438202247191,15.713932584269662,3.1413483146067414,2.5188897042843954,39.94570095842217
Quebec,2018,48.2,8,84.2,1646.86,1041.99,967.84,730.8,1137.91,151.69,163.29,,510.42,,6350.81,258.6,6609.41,25.4,8501833.0,8164361.0,4.1,6.5,1298599.75,1753530.0,42.8,43.2,60,40,20.6,137.1246887966805,0.496301802024632,547.7353112033195,34.167219917012446,20.07966804979253,23.608091286307054,3.3877593360995846,15.161825726141076,3.1470954356846472,2.4705684773678738,39.56026332153702
Quebec,2019,49.9,8,82.0,1717.51,1095.17,958.69,736.93,1157.15,162.88,172.94,,542.22,,6543.49,270.89,6814.38,25.8,8501833.0,8164361.0,4.1,6.5,1298599.75,1753530.0,42.8,43.2,60,40,20.6,136.56072144288578,0.496301802024632,548.2992785571142,34.419038076152304,19.212224448897796,23.189378757515033,3.4657314629258518,14.768136272545089,3.264128256513026,2.5378684487803733,39.272831864380905
Quebec,2020,73.9,8,63.0,1769.23,1178.91,829.87,729.0,1217.12,179.19,176.47,,592.61,1238.03,7910.42,319.77,8230.19,26.1,8501833.0,8164361.0,4.1,6.5,1298599.75,1753530.0,42.8,43.2,60,40,20.6,111.36928281461434,0.496301802024632,573.4907171853856,23.940866035182676,11.229634641407307,16.469824086603516,2.387956698240866,9.86468200270636,2.424763193504736,2.1441789314705977,31.5800728780259
Quebec,2021,72.4,8,65.8,1867.62,1328.14,888.63,813.73,1308.03,201.81,203.68,,671.27,1311.15,8594.06,323.19,8917.25,26.4,8501833.0,8164361.0,4.1,6.5,1298599.75,1753530.0,42.8,43.2,60,40,20.6,123.16643646408839,0.496301802024632,561.6935635359116,25.795856353591155,12.273895027624308,18.06671270718232,2.8132596685082873,11.239364640883977,2.7874309392265193,2.2841122543385013,30.909192856542095
Quebec,2022,85.6,8,60.8,2117.55,1448.09,981.65,918.52,1339.39,260.55,221.04,,750.66,301.0,8338.46,407.69,8746.15,26.4,8501833.0,8164361.0,4.1,6.5,1298599.75,1753530.0,42.8,43.2,60,40,20.6,102.17464953271028,0.496301802024632,582.6853504672897,24.737733644859816,11.467873831775702,15.64707943925234,2.5822429906542057,10.730373831775701,3.0438084112149535,2.5272834332820726,35.43501998021987
Quebec,2023,79.6,8,64.5,2157.99,1469.38,1039.69,974.49,1385.22,301.14,237.06,,794.54,,8359.51,427.56,8787.07,26.4,8501833.0,8164361.0,4.1,6.5,1298599.75,1753530.0,42.8,43.2,60,40,20.6,110.39032663316583,0.496301802024632,574.4696733668342,27.110427135678393,13.061432160804022,17.402261306532665,2.978140703517588,12.242336683417086,3.783165829145729,2.6978276035128888,36.390742306593665
Quebec,2024,84.0,8,61.5,2165.77,1512.11,1041.02,1029.37,1394.83,312.38,243.53,,827.67,,8526.68,457.3,8983.98,26.4,8501833.0,8164361.0,4.1,6.5,1298599.75,1753530.0,42.8,43.2,60,40,20.6,106.95214285714285,0.496301802024632,577.9078571428572,25.78297619047619,12.393095238095238,16.60511904761905,2.899166666666667,12.25440476190476,3.7188095238095236,2.7107139597372214,35.69453627456873
Saskatchewan,2008,107.8,5,64.0,1538.63,691.58,696.2,485.16,767.65,455.46,180.21,,366.13,,5181.01,185.13,5366.14,15.2,1132505.0,1098352.0,3.1,2.0,577060.4,197980.0,39.8,38.8,60,40,17.5,49.77866419294991,0.9102392266268373,635.0813358070501,14.27300556586271,6.458256029684602,7.121057513914657,1.6717068645640076,4.500556586270872,4.225046382189239,3.3582798808827206,41.646882116381605
Saskatchewan,2009,86.6,5,73.3,1617.23,715.47,730.33,544.22,813.3,480.26,174.32,,382.07,,5457.2,201.31,5658.52,15.2,1132505.0,1098352.0,3.1,2.0,577060.4,197980.0,39.8,38.8,60,40,17.5,65.34087759815243,0.9102392266268373,619.5191224018475,18.67471131639723,8.433371824480371,9.391454965357967,2.0129330254041573,6.284295612009239,5.545727482678984,3.0806642019467985,41.48717332447353
Saskatchewan,2010,55.6,7,76.8,1749.41,773.71,783.02,541.94,884.18,480.4,178.96,,437.77,,5829.38,187.18,6016.56,15.2,1132505.0,1098352.0,3.1,2.0,577060.4,197980.0,39.8,38.8,60,40,17.5,108.2115107913669,0.9102392266268373,576.6484892086331,31.464208633093527,14.083093525179855,15.90251798561151,3.2187050359712233,9.747122302158274,8.640287769784171,2.974457164891566,42.09099551903414
Saskatchewan,2011,56.9,7,79.7,1797.46,744.91,839.68,556.64,897.2,543.11,194.23,,449.89,,6023.12,209.26,6232.39,15.2,1132505.0,1098352.0,3.1,2.0,577060.4,197980.0,39.8,38.8,60,40,17.5,109.53233743409491,0.9102392266268373,575.3276625659051,31.58980667838313,14.757117750439367,15.768014059753956,3.413532513181019,9.782776801405975,9.544991212653779,3.116460940345517,42.31346241169118
Saskatchewan,2012,77.8,5,71.6,1851.04,766.28,850.96,549.41,874.94,526.41,209.42,,564.71,,6193.18,223.71,6416.89,15.2,1132505.0,1098352.0,3.1,2.0,577060.4,197980.0,39.8,38.8,60,40,17.5,82.4793059125964,0.9102392266268373,602.3806940874036,23.792287917737788,10.937789203084833,11.246015424164526,2.6917737789203082,7.061825192802057,6.7661953727506425,3.263574722334339,42.107625344987994
Saskatchewan,2013,37.3,12,78.6,1875.07,825.63,911.75,543.99,883.22,522.53,199.69,,584.41,,6346.29,274.07,6620.36,15.2,1132505.0,1098352.0,3.1,2.0,577060.4,197980.0,39.8,38.8,60,40,17.5,177.48954423592494,0.9102392266268373,507.3704557640751,50.26997319034853,24.443699731903486,23.678820375335125,5.353619302949062,14.584182305630028,14.008847184986596,3.016301228331994,42.09468971475871
Saskatchewan,2014,28.4,10,89.2,1897.52,1025.55,934.6,565.28,882.75,536.71,196.79,,601.15,,6640.36,227.53,6867.89,15.2,1132505.0,1098352.0,3.1,2.0,577060.4,197980.0,39.8,38.8,60,40,17.5,241.82711267605637,0.9102392266268373,443.03288732394367,66.81408450704225,32.90845070422535,31.08274647887324,6.9292253521126765,19.904225352112675,18.898239436619722,2.8653633066342064,41.237119406397014
Saskatchewan,2015,27.3,12,94.4,1915.44,1053.28,968.34,661.59,903.81,545.37,183.89,,640.93,,6872.64,257.86,7130.5,15.2,1132505.0,1098352.0,3.1,2.0,577060.4,197980.0,39.8,38.8,60,40,17.5,261.1904761904762,0.9102392266268373,423.6695238095238,70.16263736263737,35.47032967032967,33.106593406593404,6.735897435897435,24.234065934065935,19.976923076923075,2.5789215342542597,40.44288619311409
Saskatchewan,2016,36.9,12,81.6,1939.35,1065.7,1007.98,667.55,902.75,549.15,199.63,,680.77,,7012.89,346.99,7359.87,15.2,1132505.0,1098352.0,3.1,2.0,577060.4,197980.0,39.8,38.8,60,40,17.5,199.45447154471546,0.9102392266268373,485.4055284552845,52.55691056910569,27.316531165311655,24.464769647696478,5.4100271002710025,18.09078590785908,14.882113821138212,2.712412039886574,40.0459518986069
Saskatchewan,2017,40.3,12,78.6,1948.57,1140.31,1048.0,656.52,897.04,559.42,209.16,,685.58,,7144.61,353.14,7497.75,15.2,1132505.0,1098352.0,3.1,2.0,577060.4,197980.0,39.8,38.8,60,40,17.5,186.0483870967742,0.9102392266268373,498.8116129032258,48.351612903225806,26.00496277915633,22.2590570719603,5.190074441687345,16.290818858560794,13.881389578163772,2.78963689106732,39.966256543629754
Saskatchewan,2018,44.2,12,72.0,1988.33,1167.09,1041.73,677.59,922.11,602.61,242.62,,702.81,,7344.88,268.74,7613.63,14.8,1132505.0,1098352.0,3.1,2.0,577060.4,197980.0,39.8,38.8,60,40,17.5,172.25407239819003,0.9102392266268373,512.60592760181,44.98484162895927,23.568552036199094,20.862217194570135,5.489140271493213,15.330090497737556,13.633710407239818,3.186653409740163,39.797836248937756
Saskatchewan,2019,60.6,12,65.4,2078.03,1207.93,1035.47,731.99,957.21,654.91,256.83,,744.12,,7666.48,273.38,7939.87,14.3,1132505.0,1098352.0,3.1,2.0,577060.4,197980.0,39.8,38.8,60,40,17.5,131.02095709570958,0.9102392266268373,553.8390429042904,34.29092409240924,17.086963696369637,15.795544554455446,4.238118811881188,12.079042904290429,10.807095709570957,3.2346877215873806,39.2134883820516
Saskatchewan,2020,70.0,12,58.2,1997.69,1230.1,1051.39,649.95,989.59,784.57,254.17,,757.57,636.62,8351.65,215.7,8567.36,13.9,1132505.0,1098352.0,3.1,2.0,577060.4,197980.0,39.8,38.8,60,40,17.5,122.39085714285716,0.9102392266268373,562.4691428571429,28.53842857142857,15.019857142857145,14.137,3.631,9.285,11.208142857142859,2.9667248720726103,35.58949314608
Saskatchewan,2021,76.8,12,63.4,2103.7,1273.26,1212.18,832.74,1027.63,777.11,274.14,,814.36,648.44,8963.56,216.41,9179.97,13.5,1132505.0,1098352.0,3.1,2.0,577060.4,197980.0,39.8,38.8,60,40,17.5,119.53085937499999,0.9102392266268373,565.329140625,27.391927083333332,15.783593750000001,13.380598958333335,3.56953125,10.84296875,10.118619791666667,2.98628426890284,36.120815209635765
Saskatchewan,2022,90.0,12,59.8,2323.59,1355.55,1283.0,843.47,1093.79,802.47,327.52,,921.03,148.23,9098.66,219.25,9317.91,13.5,1132505.0,1098352.0,3.1,2.0,577060.4,197980.0,39.8,38.8,60,40,17.5,103.53233333333333,0.9102392266268373,581.3276666666667,25.817666666666668,14.255555555555556,12.153222222222222,3.6391111111111107,9.37188888888889,8.916333333333334,3.514951314189555,38.70599737494782
Saskatchewan,2023,70.0,12,64.4,2459.68,1387.37,1407.17,896.12,1108.65,836.16,358.44,,1021.07,,9474.66,309.24,9783.9,13.5,1132505.0,1098352.0,3.1,2.0,577060.4,197980.0,39.8,38.8,60,40,17.5,139.76999999999998,0.9102392266268373,545.09,35.138285714285715,20.10242857142857,15.837857142857144,5.120571428571428,12.801714285714286,11.945142857142857,3.6635697421273727,39.522583019041484
Saskatchewan,2024,55.0,12,68.8,2458.61,1395.2,1434.89,945.04,1145.69,854.49,376.07,,1095.83,,9705.81,311.78,10017.59,13.5,1132505.0,1098352.0,3.1,2.0,577060.4,197980.0,39.8,38.8,60,40,17.5,182.138,0.9102392266268373,502.722,44.702000000000005,26.08890909090909,20.830727272727273,6.8376363636363635,17.182545454545455,15.536181818181818,3.7540965441787892,38.86663359151253
